涉枪,,,,,,银行卡,,,,,,网络电视棒,,,,,,网络招嫖,,,,,,六合彩,,,,,,赌球赌马,,,,,,在线赌博,,,,,,游戏赌博,,,,,,淫秽信息,,,,,,色情信息,,,,,,儿童色情,,,,,
动词,,名词,,专属词语,,动词,,名词,,专属词语,,动词,,名词,,专属词语,,动词,,名词,,专属词语,,动词,,名词,,专属词语,,动词,,名词,,专属词语,,动词,,名词,,专属词语,,动词,,名词,,专属词语,,动词,,名词,,专属词语,,动词,,名词,,专属词语,,动词,,名词,,专属词语,
关键词名称,入库时间,关键词名称,入库时间,关键词名称,入库时间,关键词名称,入库时间,关键词名称,入库时间,关键词名称,入库时间,关键词名称,入库时间,关键词名称,入库时间,关键词名称,入库时间,关键词名称,入库时间,关键词名称,入库时间,关键词名称,入库时间,关键词名称,入库时间,关键词名称,入库时间,关键词名称,入库时间,关键词名称,入库时间,关键词名称,入库时间,关键词名称,入库时间,关键词名称,入库时间,关键词名称,入库时间,关键词名称,入库时间,关键词名称,入库时间,关键词名称,入库时间,关键词名称,入库时间,关键词名称,入库时间,关键词名称,入库时间,关键词名称,入库时间,关键词名称,入库时间,关键词名称,入库时间,关键词名称,入库时间,关键词名称,入库时间,关键词名称,入库时间,关键词名称,入库时间
,,,,秃内脏5件套,"2018-08-29 11:02:29",,,,,最新银行卡采集内料,"2018-08-29 11:03:22",,,,,成人USB影视棒,"2018-08-31 16:27:15",,,,,奇摩女孩免费,"2018-09-10 16:47:27",,,,,聚彩网,"2018-08-29 11:05:13",,,,,杏彩娱乐,"2018-08-29 10:59:06",,,,,御匾会娱乐场,"2018-08-31 16:35:56",,,,,博升娱乐城,"2018-08-29 10:59:06",,,,,人气凹凸视频,"2018-08-29 10:59:06",,,,,色老大导航,"2018-08-29 10:59:06",,,,,非常男孩网,"2018-08-29 10:59:06"
,,,,,,,,,,,,,,,,,,,,,,小海棠论坛,"2018-08-31 16:29:27",,,,,,,,,,,金殿娱乐场,"2018-08-29 10:59:06",,,,,金狐彩票娱乐,"2018-08-29 10:59:06",,,,,凯时娱乐平台,"2018-08-29 10:59:06",,,,,伊人社区,"2018-08-31 16:29:27",,,,,,,,,,,,
,,,,,,,,,,,,,,,,,,,,,,,,,,,,,,,,,,,,,,,,天空城国际娱乐,"2018-08-29 10:59:06",,,,,澳门星际线上娱乐场,"2018-08-31 16:35:56",,,,,宅男猫,"2018-09-03 09:56:48",,,,,,,,,,,,
,,,,,,,,,,,,,,,,,,,,,,,,,,,,,,,,,,,,,,,,易盛2娱乐,"2018-08-29 10:59:06",,,,,冠军策略论坛,"2018-08-29 10:59:06",,,,,魔性论坛,"2018-09-03 09:56:48",,,,,,,,,,,,
,,,,,,,,,,,,,,,,,,,,,,,,,,,,,,,,,,,,,,,,新葡娱乐,"2018-08-29 10:59:06",,,,,,,,,,,色唐人社电影,"2018-09-10 16:47:27",,,,,,,,,,,,
,,,,,,,,,,,,,,,,,,,,,,,,,,,,,,,,,,,,,,,,信博网娱乐平台,"2018-08-29 10:59:06",,,,,,,,,,,图图综合,"2018-09-03 09:56:48",,,,,,,,,,,,
,,,,,,,,,,,,,,,,,,,,,,,,,,,,,,,,,,,,,,,,中国城娱乐平台,"2018-08-29 10:59:06",,,,,,,,,,,AV福利导航,"2018-08-31 16:29:27",,,,,,,,,,,,
,,,,,,,,,,,,,,,,,,,,,,,,,,,,,,,,,,,,,,,,凤凰黑彩平台,"2018-08-29 10:59:06",,,,,,,,,,,,,,,,,,,,,,,,
,,,,,,,,,,,,,,,,,,,,,,,,,,,,,,,,,,,,,,,,新火彩票娱乐平台,"2018-08-29 10:59:06",,,,,,,,,,,,,,,,,,,,,,,,
,,,,,,,,,,,,,,,,,,,,,,,,,,,,,,,,,,,,,,,,维京娱乐在线娱乐城,"2018-08-31 16:35:56",,,,,,,,,,,,,,,,,,,,,,,,
,,,,,,,,,,,,,,,,,,,,,,,,,,,,,,,,,,,,,,,,博彩bet356官网,"2018-08-31 16:35:56",,,,,,,,,,,,,,,,,,,,,,,,
,,,,,,,,,,,,,,,,,,,,,,,,,,,,,,,,,,,,,,,,华人娱乐总代,"2018-08-31 16:35:56",,,,,,,,,,,,,,,,,,,,,,,,
,,,,,,,,,,,,,,,,,,,,,,,,,,,,,,,,,,,,,,,,百博会娱乐,"2018-08-31 16:35:56",,,,,,,,,,,,,,,,,,,,,,,,
,,,,,,,,,,,,,,,,,,,,,,,,,,,,,,,,,,,,,,,,至尊彩票,"2018-08-31 16:35:56",,,,,,,,,,,,,,,,,,,,,,,,
,,,,,,,,,,,,,,,,,,,,,,,,,,,,,,,,,,,,,,,,金橙娱乐国际,"2018-08-31 16:35:56",,,,,,,,,,,,,,,,,,,,,,,,
,,,,,,,,,,,,,,,,,,,,,,,,,,,,,,,,,,,,,,,,摩登娱乐,"2018-08-29 10:59:06",,,,,,,,,,,,,,,,,,,,,,,,
,,,,,,,,,,,,,,,,,,,,,,,,,,,,,,,,,,,,,,,,状元娱乐场,"2018-08-29 10:59:06",,,,,,,,,,,,,,,,,,,,,,,,
,,,,,,,,,,,,,,,,,,,,,,,,,,,,,,,,,,,,,,,,客赢娱乐,"2018-08-29 10:59:06",,,,,,,,,,,,,,,,,,,,,,,,
